pre_mean_gap,gap_at_t0,immediate_drop,immediate_se,immediate_p,gradual_component,gradual_p,total_closure,break_post_coef,break_post_p,break_trend_coef,break_trend_p
0.04300837549814407,0.016264417887165337,-0.02674395761097873,0.055318275878307586,0.62877192716561,-0.020019861910710937,0.7223794695936703,0.04275984713954748,0.05871105839241731,0.2280536382524249,0.03483514833089083,0.08567807296493296
