Period,Employment type,N,β (Δln w),SE,p-value
Pre-NPD (2010-2018),Formal wage,40420,0.06150731337097621,0.005665016603616786,0.0
Pre-NPD (2010-2018),Informal wage,2595,0.13711357984283265,0.01979238846807444,5.3792525989138085e-12
Pre-NPD (2010-2018),Self-employed,3262,0.09009777864657224,0.019591128377880712,4.40869188000903e-06
Post-NPD (2019-2023),Formal wage,23726,0.06948734376125587,0.007457638404315375,0.0
Post-NPD (2019-2023),Informal wage,1549,0.06196452146287003,0.02654883588717854,0.01972410569212424
Post-NPD (2019-2023),Self-employed,1883,0.07366841754314801,0.02664005055606399,0.005742132414410461
