Employment type,N,β (Δln w),SE,t-stat,p-value,R²,Intercept
Formal wage,64146,0.06367302799613245,0.0045090037258157115,14.121307470113818,0.0,0.0030991724025836165,0.06734044618527872
Informal wage,4144,0.11556772274642581,0.015839620596184132,7.29611685107324,3.530509218307998e-13,0.01268900130934758,0.05624335155891224
Self-employed,5145,0.08513591852245916,0.01576128101652363,5.401586231043361,6.902657800900158e-08,0.005641170643724047,0.06325182623200107
